video_id,video_title,published_at,playlist_name,playlist_id,video_url,channel_title,views,likes,comments,duration,angry,disgust,fear,happy,sad,surprise,neutral,pct_with_face,brightness,mean_r,mean_g,mean_b,blurriness,title is plain,title is emotionally touching,title is exaggerated
EnhXwiPC3rE,New York City Lunch Crisis,2025-05-06 18:19:45+00:00,Uploads,UUtinbF-Q-fVthA0qrFQTgXQ,https://www.youtube.com/watch?v=EnhXwiPC3rE,CaseyNeistat,550434,44188,2443,PT7M24S,10.805661,0.46085447,12.04575,16.147072,25.233765,3.4504092,31.85649,25.05399568034557,104.64013137074032,111.0975555986771,102.68725578203744,97.78663005084594,577.950023654869,0.503334641456604,0.2858099639415741,0.2108554095029831
Ud2BcD5NC2A,The IMPOSSIBLE Camera,2025-04-22 12:21:40+00:00,Uploads,UUtinbF-Q-fVthA0qrFQTgXQ,https://www.youtube.com/watch?v=Ud2BcD5NC2A,CaseyNeistat,1207258,62164,2758,PT10M42S,15.128769,0.09661689,13.292705,11.115537,12.992996,1.8050188,45.56836,41.85351270553064,103.2450447587091,110.29955394400848,100.76632264288531,97.52065325397568,421.30409641350735,0.20796965062618256,0.044743988662958145,0.747286319732666
AjKGToaFDvA,the very WORST Nintendo Switch 2 review.,2025-04-04 17:30:56+00:00,Uploads,UUtinbF-Q-fVthA0qrFQTgXQ,https://www.youtube.com/watch?v=AjKGToaFDvA,CaseyNeistat,1169680,47699,2229,PT6M30S,9.416555,0.33136263,17.386831,11.527529,23.790174,1.0614194,36.486126,32.186732186732186,97.7556580266346,115.10816499027436,90.08085086506962,91.72480303456868,773.0026581124374,0.6188529133796692,0.007422395516186953,0.3737247586250305
StMltAX0mp0,DO HARD THINGS,2024-11-14 18:49:01+00:00,Uploads,UUtinbF-Q-fVthA0qrFQTgXQ,https://www.youtube.com/watch?v=StMltAX0mp0,CaseyNeistat,3049655,143601,4906,PT12M37S,12.134863,0.6647472,12.926915,19.81535,27.907738,2.106514,24.44387,23.44740177439797,88.8520125301454,94.95075188573792,86.22606578848931,86.36804875633715,403.4541356872113,0.3006272315979004,0.23981578648090363,0.4595569670200348
TUbIKg-lrow,New York City's Controversial Fire Hydrant Fish Pond,2024-09-23 15:29:37+00:00,Uploads,UUtinbF-Q-fVthA0qrFQTgXQ,https://www.youtube.com/watch?v=TUbIKg-lrow,CaseyNeistat,1982683,79572,4107,PT7M,11.503931,0.47887102,18.817574,18.839653,20.653658,1.8093939,27.896921,26.25570776255708,103.50220283961188,110.05625339889332,101.80416910435692,95.03650811770676,768.1448081588741,0.35522696375846863,0.2512803077697754,0.393492728471756
h-vWRLGnTGg,the importance of picking a fight you'll never win,2024-03-20 20:10:44+00:00,Uploads,UUtinbF-Q-fVthA0qrFQTgXQ,https://www.youtube.com/watch?v=h-vWRLGnTGg,CaseyNeistat,2014133,72954,3785,PT12M9S,10.370127,0.30375478,17.391975,14.863578,22.770658,0.9847508,33.31516,51.84210526315789,83.62528987344663,90.89641830569262,81.22239393731725,76.9132770696272,308.871208179773,0.6573526263237,0.08944295346736908,0.2532043755054474
9IiTdSnmS7E,Sisyphus and the Impossible Dream,2024-02-08 15:04:38+00:00,Uploads,UUtinbF-Q-fVthA0qrFQTgXQ,https://www.youtube.com/watch?v=9IiTdSnmS7E,CaseyNeistat,3955335,285964,12253,PT11M59S,13.040967,2.18447,18.653044,16.073622,20.476336,2.2413607,27.330202,25.6,115.46574231481482,120.4359568460648,113.45013819444443,112.93741894097222,429.4754643794855,0.5264301300048828,0.2374567985534668,0.23611308634281158
UvkgmyfMPks,the thing no one will say about Apple Vision Pro,2024-02-03 18:08:18+00:00,Uploads,UUtinbF-Q-fVthA0qrFQTgXQ,https://www.youtube.com/watch?v=UvkgmyfMPks,CaseyNeistat,7767422,278958,14905,PT10M37S,6.928013,0.49548334,16.293415,18.883091,20.58374,3.1698968,33.646362,40.21084337349398,89.84012440386546,98.76630629287986,88.0451462555953,75.65524592510668,453.156035222805,0.36308687925338745,0.13725076615810394,0.4996623396873474
lI_3AiV0CnI,Life Lessons from my 46 Year Old Wife,2024-01-31 18:43:23+00:00,Uploads,UUtinbF-Q-fVthA0qrFQTgXQ,https://www.youtube.com/watch?v=lI_3AiV0CnI,CaseyNeistat,1350045,52919,1886,PT8M57S,9.533939,0.89189774,19.271872,11.636835,30.20817,2.835073,25.622215,51.60714285714286,94.5069730205233,94.6647033187624,95.92864885602678,86.92595248170883,190.44191561605487,0.4113197922706604,0.33133089542388916,0.2573493421077728
o2C35kWHPAA,My New Career as a Male Model and Professional Skateboarder,2023-11-04 14:34:00+00:00,Uploads,UUtinbF-Q-fVthA0qrFQTgXQ,https://www.youtube.com/watch?v=o2C35kWHPAA,CaseyNeistat,1111110,57363,2649,PT9M52S,14.110521,0.76103467,10.452355,21.932198,13.912668,2.3438005,36.487423,35.980551053484604,102.18413562348054,107.2000602081645,100.73660543146724,96.46530346772016,383.6471234975074,0.44467562437057495,0.18517622351646423,0.37014809250831604
JFKJYE3LcYk,her very first nfl game!           #NFLPartner   #NFLCreatoroftheweek,2023-10-16 19:04:29+00:00,Uploads,UUtinbF-Q-fVthA0qrFQTgXQ,https://www.youtube.com/watch?v=JFKJYE3LcYk,CaseyNeistat,500023,17273,229,PT59S,1.9643493,0.08565129,22.778772,37.39929,16.072424,0.66859835,21.030918,25.42372881355932,84.98597325211864,86.54447276659606,84.32806283839454,84.35164834922317,321.412534616608,0.35420939326286316,0.3612630069255829,0.28452757000923157
kVHGhdUDjPU,Jew,2023-10-11 16:20:13+00:00,Uploads,UUtinbF-Q-fVthA0qrFQTgXQ,https://www.youtube.com/watch?v=kVHGhdUDjPU,CaseyNeistat,1758784,98390,9171,PT8M50S,9.149975,0.036255915,24.89498,7.778815,5.6424074,0.5149468,51.982624,98.73188405797102,113.3486301391405,124.77420981783416,110.00467498238729,100.64136673931914,304.5716824464216,0.2761024236679077,0.43697041273117065,0.28692716360092163
DpJzOuYSpKo,NYC is Under Water,2023-09-29 23:50:01+00:00,Uploads,UUtinbF-Q-fVthA0qrFQTgXQ,https://www.youtube.com/watch?v=DpJzOuYSpKo,CaseyNeistat,4827582,133754,5159,PT5M59S,18.142805,0.15475738,9.676985,7.9004164,30.027626,1.8209183,32.276493,37.96791443850268,94.4203308011178,100.59047900883836,92.3730306395759,88.76578194630126,369.3391755544319,0.5218453407287598,0.2031862586736679,0.2749684751033783
BZEr7_Oggcw,Everything Changed except this,2023-09-28 13:41:31+00:00,Uploads,UUtinbF-Q-fVthA0qrFQTgXQ,https://www.youtube.com/watch?v=BZEr7_Oggcw,CaseyNeistat,1196346,49677,1546,PT6M42S,13.621109,0.30893245,10.589982,22.226065,20.786314,1.1196257,31.347973,33.41288782816229,109.189696864227,115.27788437872913,107.54073602409838,101.68897512471824,422.6017205178733,0.3837440311908722,0.2873672544956207,0.3288886845111847
LgKulg2YVZo,NYC sidewalks can be scary,2023-09-13 00:15:56+00:00,Uploads,UUtinbF-Q-fVthA0qrFQTgXQ,https://www.youtube.com/watch?v=LgKulg2YVZo,CaseyNeistat,792362,42588,1379,PT20S,1.3970879,0.00013532855,56.96985,9.328148,18.48531,0.20844036,13.6110325,40.0,122.33013216145837,131.3649787326389,119.79296050347224,111.43632638888889,1981.898128773811,0.4659116566181183,0.04405214264988899,0.4900361895561218
0TvLl2f0wC8,this is the World's Smallest Vlogging Camera and it's pretty incredible,2023-06-27 13:22:56+00:00,Uploads,UUtinbF-Q-fVthA0qrFQTgXQ,https://www.youtube.com/watch?v=0TvLl2f0wC8,CaseyNeistat,1669410,62490,2643,PT7M52S,11.293874,0.43514228,12.615461,24.25885,12.545656,0.882572,37.96845,27.90224032586558,130.35694752948913,137.1661972713708,129.20665649220695,118.3694809611196,392.022681175638,0.10243915766477585,0.2810719609260559,0.6164888739585876
Cm_uIxcczWM,10 simple Tricks to Not get Divorced,2023-06-16 13:51:20+00:00,Uploads,UUtinbF-Q-fVthA0qrFQTgXQ,https://www.youtube.com/watch?v=Cm_uIxcczWM,CaseyNeistat,1996479,92397,4838,PT12M14S,13.71074,0.591132,16.67309,15.263406,18.548134,2.6390047,32.574493,69.41176470588235,112.0827910993101,119.06382501588598,109.85928661719316,105.2417980324074,417.8140070139768,0.5919095277786255,0.163905531167984,0.2441849261522293
UVX6kxnJgMU,Apple Vision Pro; READY PLAYER ONE,2023-06-08 20:41:20+00:00,Uploads,UUtinbF-Q-fVthA0qrFQTgXQ,https://www.youtube.com/watch?v=UVX6kxnJgMU,CaseyNeistat,885103,40898,2133,PT2M41S,23.195536,0.29286563,16.855078,14.218829,28.657803,0.18695611,16.592934,21.686746987951807,52.73286785161479,54.52982408801874,51.39446771460843,55.13846348937416,166.35348332733352,0.7588571906089783,0.08531317859888077,0.15582960844039917
h9xaHwBsRUw,NYC; The Worst Air Quality on the Planet,2023-06-07 23:03:41+00:00,Uploads,UUtinbF-Q-fVthA0qrFQTgXQ,https://www.youtube.com/watch?v=h9xaHwBsRUw,CaseyNeistat,3297444,111330,8067,PT4M7S,12.929889,0.6605685,19.086742,21.119654,14.198721,4.60085,27.403578,22.48062015503876,130.37128026418495,148.70453624636627,126.00050885551248,104.69517263538977,222.2920741433852,0.8113470077514648,0.04627000913023949,0.14238296449184418
YpqFOB7_9go,Creative POISON,2023-04-28 19:49:04+00:00,Uploads,UUtinbF-Q-fVthA0qrFQTgXQ,https://www.youtube.com/watch?v=YpqFOB7_9go,CaseyNeistat,1573462,72586,2747,PT10M16S,16.746181,0.20246464,6.0996304,16.381914,13.302568,0.76685405,46.500385,56.98051948051948,97.985073876319,105.91302101652688,95.3085582879577,90.95716568587662,495.738255196676,0.056117236614227295,0.07270760834217072,0.8711751699447632
Ygj9vBF_WUk,AI Made this VLOG,2023-04-17 14:35:22+00:00,Uploads,UUtinbF-Q-fVthA0qrFQTgXQ,https://www.youtube.com/watch?v=Ygj9vBF_WUk,CaseyNeistat,2360317,101377,4675,PT5M5S,31.270906,0.08026924,5.30591,17.229826,8.634962,0.45636865,37.02176,64.77987421383648,100.86871997292104,104.70407964273237,99.4386282811408,98.22943951727376,682.0406140577663,0.23878590762615204,0.3261401653289795,0.4350739121437073
3CJZli1VFQg,"I Was At Trumps Arraignment, It Was Insane",2023-04-06 14:19:33+00:00,Uploads,UUtinbF-Q-fVthA0qrFQTgXQ,https://www.youtube.com/watch?v=3CJZli1VFQg,CaseyNeistat,1569765,57510,2617,PT6M40S,8.658933,0.281015,23.883652,14.155827,17.541067,1.0553788,34.42413,38.1294964028777,118.0822738475886,123.62303055472287,115.83626141794898,115.12224682753798,847.1035766667538,0.08622146397829056,0.1084384098649025,0.805340051651001
34k7UI-DR_8,TESTING $1400 Ai POWERED ELECTRIC SHOES in NYC,2023-02-22 21:32:11+00:00,Uploads,UUtinbF-Q-fVthA0qrFQTgXQ,https://www.youtube.com/watch?v=34k7UI-DR_8,CaseyNeistat,3833790,86213,3818,PT5M20S,17.123081,0.06727056,9.880179,13.091836,15.061942,4.40546,40.37023,46.546546546546544,100.6373991830372,105.37083132611778,99.2243805263597,95.5168965710502,564.3131391260409,0.4767003059387207,0.1914135217666626,0.3318861424922943
ouPPSqFAbb4,my stupid idiot brain,2023-02-07 22:02:51+00:00,Uploads,UUtinbF-Q-fVthA0qrFQTgXQ,https://www.youtube.com/watch?v=ouPPSqFAbb4,CaseyNeistat,1316068,55708,1949,PT5M37S,17.451323,0.22295015,10.492683,31.285488,12.834974,1.3713228,26.341259,45.2991452991453,80.26718631291547,90.94773866581592,76.82000448866334,69.98457028776907,306.84476210712444,0.1595471054315567,0.05270710960030556,0.7877457737922668
rzCFZypafAM,Reuniting With my Dad,2023-01-31 22:27:13+00:00,Uploads,UUtinbF-Q-fVthA0qrFQTgXQ,https://www.youtube.com/watch?v=rzCFZypafAM,CaseyNeistat,1104999,53907,2415,PT6M59S,10.755482,0.27208456,18.802534,17.90593,21.46378,1.4777534,29.322437,40.50343249427917,103.47936937849606,110.39008626922832,101.7058575673786,94.47252076778224,377.5121767779064,0.19942039251327515,0.6854868531227112,0.11509274691343307
WlY9pDwGbjw,The Greatest Moment,2023-01-27 14:38:20+00:00,Uploads,UUtinbF-Q-fVthA0qrFQTgXQ,https://www.youtube.com/watch?v=WlY9pDwGbjw,CaseyNeistat,1474959,64845,2135,PT7M53S,24.512482,0.4447256,16.080826,9.347385,27.950825,0.2664542,21.397303,64.50304259634888,94.09585713883254,100.087873765706,91.98328201593137,89.30579442049809,463.0375790828035,0.23672877252101898,0.6006039381027222,0.16266734898090363
o0xoWsYXIrY,it’s toxic.,2023-01-26 17:06:01+00:00,Uploads,UUtinbF-Q-fVthA0qrFQTgXQ,https://www.youtube.com/watch?v=o0xoWsYXIrY,CaseyNeistat,13777106,553970,4471,PT39S,18.194136,0.009754835,14.402428,10.209397,35.33205,0.001509608,21.850727,43.58974358974359,109.52923855947294,121.21691217058404,106.60783954326922,94.00919404380342,379.5266227021978,0.637535035610199,0.010326187126338482,0.3521387279033661
cldSbEoNR2A,my last day of 2022,2023-01-02 03:10:48+00:00,Uploads,UUtinbF-Q-fVthA0qrFQTgXQ,https://www.youtube.com/watch?v=cldSbEoNR2A,CaseyNeistat,3303682,119374,591,PT1M1S,23.457344,0.012622274,33.664196,5.644321,34.072105,0.27238837,2.8770227,15.0,111.95239250578705,121.1171568287037,109.5680823929398,100.12336957465278,427.56471522930696,0.28022637963294983,0.3377797305583954,0.3819939196109772
KehujfbRBts,3 things i learned from 800 days of vlogging,2022-12-05 21:57:09+00:00,Uploads,UUtinbF-Q-fVthA0qrFQTgXQ,https://www.youtube.com/watch?v=KehujfbRBts,CaseyNeistat,2028511,76017,2471,PT6M31S,23.981611,0.9501846,13.147733,11.641269,14.333172,2.0317528,33.91428,47.794117647058826,81.47040011403867,87.76099293428308,79.3305631935934,76.00013684640523,475.66829765553285,0.4031604528427124,0.1440524309873581,0.4527871608734131
i4GJnpOZmiM,Elon Musk's Six Rules for Tesla Employees,2022-11-29 13:37:53+00:00,Uploads,UUtinbF-Q-fVthA0qrFQTgXQ,https://www.youtube.com/watch?v=i4GJnpOZmiM,CaseyNeistat,1860317,80558,4587,PT3M15S,7.8003855,0.25126547,3.1098995,1.6317191,15.782365,0.5510439,70.87332,95.5665024630542,68.81007545241516,77.66217381636562,66.0829086061508,59.81766514436234,743.3796987549114,0.6441572308540344,0.14395558834075928,0.2118872106075287
mshN3N0jOng,the Greatest Gift,2022-11-25 16:13:52+00:00,Uploads,UUtinbF-Q-fVthA0qrFQTgXQ,https://www.youtube.com/watch?v=mshN3N0jOng,CaseyNeistat,1857767,71092,1437,PT10M28S,11.577421,1.0455371,19.368387,13.122643,19.286095,2.0556967,33.54422,39.54198473282442,95.13281797338848,101.48016508296226,92.68481772821248,91.11559606260602,455.70969809038905,0.3694535195827484,0.46333518624305725,0.16721124947071075
Qwr5tGG0jfQ,i found my next apartment.,2022-11-22 17:32:52+00:00,Uploads,UUtinbF-Q-fVthA0qrFQTgXQ,https://www.youtube.com/watch?v=Qwr5tGG0jfQ,CaseyNeistat,3485933,99058,2683,PT6M25S,16.480768,0.7561457,22.536127,20.158796,22.95544,0.8106967,16.302027,27.680798004987533,85.72862983600028,91.68485845932044,83.76167173212802,80.22150978889582,345.8749442615335,0.3878217041492462,0.3262641429901123,0.2859141528606415
7lGLhhoIsNc,i got beat up at the NYC Marathon 2022,2022-11-09 19:11:20+00:00,Uploads,UUtinbF-Q-fVthA0qrFQTgXQ,https://www.youtube.com/watch?v=7lGLhhoIsNc,CaseyNeistat,3289791,117138,3955,PT11M22S,18.65937,1.0430615,16.755363,15.885648,16.87803,3.837065,26.941462,37.27144866385373,105.89677093710932,113.3377830886662,103.09465506084936,100.80833140432098,671.1788841242887,0.23492752015590668,0.25890421867370605,0.5061682462692261
YbE_FD8df80,"if you don’t live in NYC or youre watching this video anytime after Nov 6, 2022 please disregard",2022-11-05 18:47:13+00:00,Uploads,UUtinbF-Q-fVthA0qrFQTgXQ,https://www.youtube.com/watch?v=YbE_FD8df80,CaseyNeistat,3896221,143896,1469,PT52S,30.171715,2.0816576,11.597091,4.9164147,32.498474,1.2655709,17.469076,86.53846153846155,97.39179119925213,101.9142802650908,95.19514615050748,96.865726829594,235.7020495691417,0.5403751134872437,0.02019606903195381,0.43942877650260925
bEriqRN7Xpg,about this hotel room..,2022-11-04 21:29:32+00:00,Uploads,UUtinbF-Q-fVthA0qrFQTgXQ,https://www.youtube.com/watch?v=bEriqRN7Xpg,CaseyNeistat,1839378,82875,3550,PT6M36S,13.056207,0.4560077,13.071116,8.61382,14.546551,8.757934,41.498363,39.07766990291262,105.36085532969255,117.19894485950984,101.98827063106796,91.64352311513956,392.8092042054594,0.4050687849521637,0.2643928527832031,0.3305383622646332
LODwfHdZA_k,Halloween in New York City.,2022-11-01 19:16:46+00:00,Uploads,UUtinbF-Q-fVthA0qrFQTgXQ,https://www.youtube.com/watch?v=LODwfHdZA_k,CaseyNeistat,1465367,84779,2838,PT3M52S,14.882766,0.26279873,17.074402,18.221563,15.69923,2.0040512,31.855192,52.47933884297521,77.5159680792298,84.6202538524449,75.51477107724976,69.18168964144284,371.7051149047889,0.40512344241142273,0.2889080047607422,0.3059685230255127
kvnn_EptPiQ,New York City NONSENSE,2022-10-27 15:52:23+00:00,Uploads,UUtinbF-Q-fVthA0qrFQTgXQ,https://www.youtube.com/watch?v=kvnn_EptPiQ,CaseyNeistat,2352128,119461,3650,PT6M7S,11.495399,0.62329555,17.67648,22.528496,19.422665,0.2826614,27.971004,32.98429319371728,102.28817469731676,108.14924403041375,99.53389973958332,101.09161754881109,534.8407400346405,0.11390998214483261,0.003983447793871164,0.8821065425872803
2MQF00rTEJU,"Kanye, you broke my heart",2022-10-25 19:56:51+00:00,Uploads,UUtinbF-Q-fVthA0qrFQTgXQ,https://www.youtube.com/watch?v=2MQF00rTEJU,CaseyNeistat,2842399,175964,9677,PT13M47S,9.006045,0.24652912,21.291203,14.868982,10.550239,2.5743873,41.462616,74.47795823665894,124.57716387519336,136.46893975875707,121.46377382621164,109.38590327122004,529.477220313045,0.04775936156511307,0.9070514440536499,0.04518924281001091
NK45KHO5ng0,Just Magical,2022-10-20 14:53:45+00:00,Uploads,UUtinbF-Q-fVthA0qrFQTgXQ,https://www.youtube.com/watch?v=NK45KHO5ng0,CaseyNeistat,1880703,96553,3846,PT11M11S,19.61436,1.7818183,17.90873,17.290579,18.961008,2.0124884,22.431015,21.45922746781116,91.63915299386028,90.7623249669667,91.88555976543871,92.72071462456286,324.46356771391487,0.038193460553884506,0.4274114966392517,0.5343950390815735
6ksZoza2Fhc,NYC BIKE LANE BOUNTY,2022-10-18 19:50:05+00:00,Uploads,UUtinbF-Q-fVthA0qrFQTgXQ,https://www.youtube.com/watch?v=6ksZoza2Fhc,CaseyNeistat,2065960,112434,5433,PT4M15S,15.018642,0.2810405,16.794283,19.466486,19.826666,1.4880933,27.124788,33.83458646616541,127.58448202211255,128.31888392857144,126.27671968005951,132.3546351392805,920.5350822762406,0.4549564719200134,0.19307971000671387,0.3519637882709503
fIdRWKel0xQ,The Problem with New York City..,2022-10-11 18:23:52+00:00,Uploads,UUtinbF-Q-fVthA0qrFQTgXQ,https://www.youtube.com/watch?v=fIdRWKel0xQ,CaseyNeistat,3364337,145077,5364,PT7M14S,11.214998,0.03432033,12.111827,13.929391,17.521252,1.0719316,44.116283,34.65783664459161,100.8029309522167,106.17039163102464,98.67908360735528,97.66350583302672,583.5368285231555,0.6727794408798218,0.11488120257854462,0.21233931183815002
C3P-b5Szz44,The Secret Door,2022-10-05 21:34:32+00:00,Uploads,UUtinbF-Q-fVthA0qrFQTgXQ,https://www.youtube.com/watch?v=C3P-b5Szz44,CaseyNeistat,2712233,123595,3958,PT7M18S,13.388053,0.14024784,18.935736,11.894591,15.340409,0.73688334,39.56408,28.00875273522976,91.13508199990883,99.17965164759605,88.65607878221492,82.7879365255744,451.5065505411296,0.08269891887903214,0.6061729192733765,0.3111281991004944
l30V426-_S4,SOMEONE STOLE MY CAR AND I STOLE IT BACK,2022-09-29 21:08:17+00:00,Uploads,UUtinbF-Q-fVthA0qrFQTgXQ,https://www.youtube.com/watch?v=l30V426-_S4,CaseyNeistat,2686220,110655,4130,PT10M2S,12.655859,0.19924152,14.181429,17.141941,23.067667,0.76174754,31.992115,39.96815286624204,94.12989328998584,96.72849495339038,92.72846875276451,94.55699156548567,432.2100166659437,0.5513438582420349,0.18018607795238495,0.2684701383113861
X16jagQdNIE,"well NYC, Today is the Day",2022-09-27 18:07:47+00:00,Uploads,UUtinbF-Q-fVthA0qrFQTgXQ,https://www.youtube.com/watch?v=X16jagQdNIE,CaseyNeistat,2058787,101634,4505,PT6M36S,11.149368,0.6569845,19.622616,18.347525,29.967434,1.1354692,19.120602,26.699029126213592,124.9529754605751,123.82483874603896,124.57322285640844,129.8799982091087,413.4535187111016,0.8451336622238159,0.068636953830719,0.08622941374778748
igZ6PoZAszQ,MY NEW LIFE IN NYC,2022-09-20 20:57:51+00:00,Uploads,UUtinbF-Q-fVthA0qrFQTgXQ,https://www.youtube.com/watch?v=igZ6PoZAszQ,CaseyNeistat,3028362,178414,10293,PT7M7S,14.162583,0.016055109,10.771883,18.045061,17.552841,2.2626076,37.18897,49.21348314606742,108.8653904786985,115.6572915886392,106.74094790691323,101.98945035502496,426.2414725166725,0.3148643672466278,0.3972366154193878,0.2878989577293396
RoDi72mL5sg,how this BLIND SURFER GOT 1MILLIONS SUBSCRIBERS IN A MONTH,2022-09-15 16:26:48+00:00,Uploads,UUtinbF-Q-fVthA0qrFQTgXQ,https://www.youtube.com/watch?v=RoDi72mL5sg,CaseyNeistat,1249272,74047,3070,PT9M20S,10.536024,0.11850405,11.277894,12.845033,17.5012,0.8957774,46.82557,49.57118353344768,96.03538922539067,100.11657793292596,94.74454485152228,91.97279569724364,369.9188423009796,0.06503134220838547,0.3472123444080353,0.5877562761306763
4juSAp9jQjA,WE MOVED BACK TO NEW YORK CITY,2022-09-14 17:21:25+00:00,Uploads,UUtinbF-Q-fVthA0qrFQTgXQ,https://www.youtube.com/watch?v=4juSAp9jQjA,CaseyNeistat,4208345,248465,17935,PT11M15S,6.261353,1.0680553,17.39772,12.001003,33.54382,1.308443,28.41961,33.38068181818182,87.34075866699219,88.8788502024641,87.20476128472222,84.08921360208531,394.106719785213,0.35563167929649353,0.31392979621887207,0.3304385244846344
oED9tZyI-vU,I Was Invited To Cannes Film Festival,2022-08-30 20:04:08+00:00,Uploads,UUtinbF-Q-fVthA0qrFQTgXQ,https://www.youtube.com/watch?v=oED9tZyI-vU,CaseyNeistat,1524086,70280,4001,PT10M52S,12.696934,1.3039259,15.228841,19.944605,17.814465,1.8185099,31.192722,43.29896907216495,120.47684794837178,131.58238921105385,116.47840918272378,111.91929312280112,470.11295430757207,0.4233683943748474,0.19144907593727112,0.3851824998855591
Ipv_LWcdfC0,it's been 3 years since we left NYC,2022-04-25 14:27:45+00:00,Uploads,UUtinbF-Q-fVthA0qrFQTgXQ,https://www.youtube.com/watch?v=Ipv_LWcdfC0,CaseyNeistat,2393613,120087,6090,PT6M51S,12.985796,0.2978633,24.019835,21.534086,17.59421,2.3445354,21.223675,32.63403263403264,91.42425730664011,97.1924176156598,89.48542453784641,86.3144416116291,364.797298658117,0.36834266781806946,0.30149975419044495,0.3301575779914856
8H771jAxq9E,i miss being a YouTuber,2022-04-18 19:18:22+00:00,Uploads,UUtinbF-Q-fVthA0qrFQTgXQ,https://www.youtube.com/watch?v=8H771jAxq9E,CaseyNeistat,2306122,144402,7056,PT11M26S,14.359209,0.083677806,9.830486,20.24943,12.742888,0.93092257,41.80339,40.6993006993007,102.66834203209984,108.04274624854312,101.22151971639472,96.04376822309636,329.2008758416835,0.14652100205421448,0.21508724987506866,0.6383917331695557
PF3iysOyelg,HIDDEN VIDEO CAMERA in my Custom Glasses,2021-12-10 21:51:01+00:00,Uploads,UUtinbF-Q-fVthA0qrFQTgXQ,https://www.youtube.com/watch?v=PF3iysOyelg,CaseyNeistat,2530195,110256,4868,PT9M53S,16.217913,1.1281095,14.979227,18.07493,15.844279,2.0792103,31.67633,37.37864077669903,102.22325897973975,112.1593152755304,99.02003010804344,92.63005914857514,450.9414351632101,0.1921217292547226,0.3418480455875397,0.46603018045425415
UVA8pPxOPk4,The Most Important Movie I've Ever Made,2021-12-06 20:07:10+00:00,Uploads,UUtinbF-Q-fVthA0qrFQTgXQ,https://www.youtube.com/watch?v=UVA8pPxOPk4,CaseyNeistat,2250619,126636,6383,PT9M56S,12.200129,0.2391358,17.978683,15.39828,11.96292,1.9122629,40.30859,56.52173913043478,91.79091145833333,101.40787921866612,88.97471298253265,81.05131873154858,659.6234319351332,0.2667469084262848,0.36397290229797363,0.3692801892757416
asbAlDd6wrM,Running Back to NEW YORK CITY,2021-06-06 20:08:26+00:00,Uploads,UUtinbF-Q-fVthA0qrFQTgXQ,https://www.youtube.com/watch?v=asbAlDd6wrM,CaseyNeistat,2095339,140737,7978,PT10M20S,13.884834,0.2582874,20.156776,16.086384,17.320856,3.249227,29.043636,35.294117647058826,97.48546675454722,103.58213525541797,95.78134728672173,90.28366940923848,504.95552959210033,0.33170732855796814,0.348797082901001,0.31949564814567566
HgYVuXaihNs,my brother Van,2021-03-09 22:30:43+00:00,Uploads,UUtinbF-Q-fVthA0qrFQTgXQ,https://www.youtube.com/watch?v=HgYVuXaihNs,CaseyNeistat,3020952,118245,6639,PT11M51S,17.1216,0.40833065,7.359917,15.043109,16.158829,1.7886088,42.119606,40.48582995951417,105.63252615881316,115.31541997605528,102.28113075072164,97.428372641841,282.65300636871007,0.35242369771003723,0.42412230372428894,0.22345402836799622
qaanivZHttE,Who I'm Voting For 2020,2020-10-27 15:56:56+00:00,Uploads,UUtinbF-Q-fVthA0qrFQTgXQ,https://www.youtube.com/watch?v=qaanivZHttE,CaseyNeistat,2231410,114228,16183,PT6M29S,14.90323,0.7977211,39.488586,6.1090956,19.211956,0.20824514,19.281168,44.44444444444444,73.91907701045953,83.64125603352194,70.64873932613169,65.41640528549384,115.87405800318058,0.5778080821037292,0.18240070343017578,0.23979118466377258
TXLUafBNjnc,the SURPRISE of her life!!!,2020-10-26 18:24:34+00:00,Uploads,UUtinbF-Q-fVthA0qrFQTgXQ,https://www.youtube.com/watch?v=TXLUafBNjnc,CaseyNeistat,1576127,64164,2831,PT6M53S,6.908074,1.6529368,14.721328,25.425793,22.66774,1.6805332,26.943598,19.721577726218097,101.58513566640886,114.33568966107566,94.85068690182716,103.0167800174014,290.85140037523803,0.02208779752254486,0.5348214507102966,0.44309067726135254
4NBI6nrGI1w,it's time to say NO!,2020-10-15 21:18:41+00:00,Uploads,UUtinbF-Q-fVthA0qrFQTgXQ,https://www.youtube.com/watch?v=4NBI6nrGI1w,CaseyNeistat,1523486,66282,3041,PT5M20S,14.464433,1.4901588,11.06499,20.579819,15.466865,1.0801926,35.853546,34.73053892215569,103.4159943654358,111.40198743138724,99.84548365508569,100.85977498128742,269.13412880689435,0.6928223371505737,0.03492700681090355,0.2722506523132324
p4Cd-xKpJ9A,ARTIFICIAL INTELLIGENCE DRONE! it won't stop following me,2020-10-13 21:23:37+00:00,Uploads,UUtinbF-Q-fVthA0qrFQTgXQ,https://www.youtube.com/watch?v=p4Cd-xKpJ9A,CaseyNeistat,1695107,65114,3571,PT9M26S,8.877757,0.13855127,12.222408,22.480017,19.976826,1.4973453,34.8071,15.932203389830509,94.95872736434792,92.89854134298491,95.36030172286958,98.28616483492232,613.5052337878205,0.20258814096450806,0.0922917053103447,0.7051201462745667
p4FQ-nyaInA,theyre right outside my window,2020-10-12 18:59:02+00:00,Uploads,UUtinbF-Q-fVthA0qrFQTgXQ,https://www.youtube.com/watch?v=p4FQ-nyaInA,CaseyNeistat,1210644,59264,2301,PT5M46S,17.391705,1.0840703,21.177082,13.142749,13.946342,1.2725546,31.985495,22.22222222222222,96.18230179398148,107.44645124421297,92.26647077546296,86.79974492428627,233.720109435155,0.40026041865348816,0.3271612823009491,0.27257832884788513
rDJG4NTeWiY,World's Biggest KOOK,2020-10-08 19:31:24+00:00,Uploads,UUtinbF-Q-fVthA0qrFQTgXQ,https://www.youtube.com/watch?v=rDJG4NTeWiY,CaseyNeistat,1157289,46257,1685,PT3M58S,8.182598,2.5019832,23.786192,23.647753,17.447384,2.9832098,21.45088,15.725806451612904,116.0303832220262,121.08684505558357,113.89030210433468,113.81970479110664,500.5567676639862,0.5288414359092712,0.18537603318691254,0.2857825756072998
mHrjKpmmVK8,the ONE THING that makes her truly happy,2020-10-07 16:30:05+00:00,Uploads,UUtinbF-Q-fVthA0qrFQTgXQ,https://www.youtube.com/watch?v=mHrjKpmmVK8,CaseyNeistat,1043026,57737,2805,PT5M12S,17.158583,0.6553104,20.478935,8.989121,19.19699,4.414455,29.106607,31.692307692307693,90.0363376068376,95.08412920673076,88.27387116720085,85.85226294070513,295.4966295442979,0.2023841142654419,0.6855602264404297,0.1120556965470314
r5eLfX-MiTo,"if she leaves me, this is why",2020-10-06 18:41:52+00:00,Uploads,UUtinbF-Q-fVthA0qrFQTgXQ,https://www.youtube.com/watch?v=r5eLfX-MiTo,CaseyNeistat,1306639,64668,3414,PT5M36S,13.710566,0.2467991,19.570593,11.879285,25.688808,0.44556192,28.458391,23.142857142857142,104.08561986607144,110.02804561011904,102.3341374875992,97.50388448660716,264.48814301295954,0.8972452878952026,0.07507909834384918,0.027675557881593704
FnbY_dS0pyA,i made this video in a Wal Mart,2020-10-05 21:20:54+00:00,Uploads,UUtinbF-Q-fVthA0qrFQTgXQ,https://www.youtube.com/watch?v=FnbY_dS0pyA,CaseyNeistat,1294193,62713,2928,PT5M8S,11.917614,1.0059602,13.237909,26.429682,15.299067,2.8176763,29.292093,27.725856697819317,102.921429614486,110.93446675428348,100.29880361121928,95.329931907667,204.0979035305124,0.42765092849731445,0.22828800976276398,0.34406110644340515
_K3SMg088j8,kite surfing idiot nearly cut my feet off,2020-09-30 18:23:18+00:00,Uploads,UUtinbF-Q-fVthA0qrFQTgXQ,https://www.youtube.com/watch?v=_K3SMg088j8,CaseyNeistat,1422970,69146,2757,PT6M9S,16.773558,0.38307592,12.689927,8.07341,23.985113,2.8935952,35.20132,22.857142857142858,107.608754949044,111.04366424287518,106.10261094200938,106.3660805262446,301.3861463774064,0.3236229419708252,0.20430901646614075,0.47206810116767883
QxsFiJWjbeA,sharing the truth of our marriage,2020-09-29 18:05:16+00:00,Uploads,UUtinbF-Q-fVthA0qrFQTgXQ,https://www.youtube.com/watch?v=QxsFiJWjbeA,CaseyNeistat,1992328,93588,4586,PT5M1S,5.9603066,0.2426354,31.427454,11.384058,31.426935,0.80487955,18.753733,31.528662420382165,106.81642627886146,112.3612264187456,104.5697045570152,103.80709873164368,307.0519125059766,0.7304580807685852,0.17933474481105804,0.09020720422267914
bhiSxcObwQE,a problem in the shower,2020-09-28 20:36:56+00:00,Uploads,UUtinbF-Q-fVthA0qrFQTgXQ,https://www.youtube.com/watch?v=bhiSxcObwQE,CaseyNeistat,1627635,85518,4621,PT5M15S,4.2027597,0.34598505,11.247727,28.14941,19.56056,1.8691003,34.62446,23.78048780487805,110.30074437087146,121.91371678628896,106.845730106178,97.53870675601289,247.54678745496187,0.4541509449481964,0.0892423689365387,0.4566066861152649
JWEYGDpTfAA,this Wave Pool Cost $100 per SECOND to ride,2020-09-27 16:35:49+00:00,Uploads,UUtinbF-Q-fVthA0qrFQTgXQ,https://www.youtube.com/watch?v=JWEYGDpTfAA,CaseyNeistat,3942496,108882,3651,PT7M12S,9.2661705,0.10697284,16.204473,14.980112,17.255692,1.2293408,40.95724,27.55555555555556,112.90193529128084,112.0355638888889,112.63362284915124,116.57578338155864,341.4970671620331,0.5646109580993652,0.10029897093772888,0.33509013056755066
AwNpOuW-L9w,we're staying in a trailer now,2020-09-26 00:29:57+00:00,Uploads,UUtinbF-Q-fVthA0qrFQTgXQ,https://www.youtube.com/watch?v=AwNpOuW-L9w,CaseyNeistat,1481068,71568,2990,PT5M3S,12.592301,1.3645408,15.95758,18.270123,29.1143,0.23560314,22.465553,18.9873417721519,87.3363316411744,93.38184747494726,85.26977080311622,82.13509198367177,261.60860964781546,0.3823828101158142,0.22361475229263306,0.3940024673938751
Yoxmv_huEhA,"insane new electric car, it's not a Tesla",2020-09-24 20:55:30+00:00,Uploads,UUtinbF-Q-fVthA0qrFQTgXQ,https://www.youtube.com/watch?v=Yoxmv_huEhA,CaseyNeistat,2733255,131535,3391,PT5M18S,11.767076,2.3155985,13.325189,21.971994,20.061533,0.9208674,29.637743,33.53474320241692,105.00958876195872,104.56597974886706,104.69529258192766,107.75957005024758,251.39516299678263,0.12261278182268143,0.016837982460856438,0.8605492115020752
p9N1lc0FGBM,this is why she wants to leave,2020-09-23 17:54:22+00:00,Uploads,UUtinbF-Q-fVthA0qrFQTgXQ,https://www.youtube.com/watch?v=p9N1lc0FGBM,CaseyNeistat,1873828,91637,6867,PT6M12S,15.658747,1.8453609,13.636242,14.379049,26.2516,2.6143339,25.614668,22.68041237113402,113.22040304177403,119.24786528806916,111.46481094063216,106.39529046302262,400.553202879614,0.7220926284790039,0.18627342581748962,0.09163402020931244
xFfxCbjMAS8,it's an addiction and it's real,2020-09-22 18:18:53+00:00,Uploads,UUtinbF-Q-fVthA0qrFQTgXQ,https://www.youtube.com/watch?v=xFfxCbjMAS8,CaseyNeistat,1377837,73073,4118,PT5M34S,15.492307,2.1484902,14.121446,13.033252,21.203577,0.45791534,33.543015,23.85057471264368,105.95089185225096,111.6866563896871,103.72554985582296,102.3367460762891,177.4065846982224,0.8307259678840637,0.09765763580799103,0.07161647081375122
KvlgGZbDC-k,"i made a stupid mistake, here's the truth",2020-09-21 17:50:08+00:00,Uploads,UUtinbF-Q-fVthA0qrFQTgXQ,https://www.youtube.com/watch?v=KvlgGZbDC-k,CaseyNeistat,1392892,74205,3359,PT4M59S,10.760222,1.999578,21.39926,7.4414225,21.917099,1.1053869,35.37703,17.684887459807076,106.67308219732494,114.67042960376476,104.10595840590388,98.84416882982762,491.3104882369951,0.8431377410888672,0.024991026148200035,0.13187122344970703
Hc6ptqErY_Q,very serious family problems.,2020-09-20 17:22:27+00:00,Uploads,UUtinbF-Q-fVthA0qrFQTgXQ,https://www.youtube.com/watch?v=Hc6ptqErY_Q,CaseyNeistat,1683000,85701,4540,PT5M9S,15.218914,0.16695763,13.309023,13.692113,13.124908,0.5733352,43.914753,29.503105590062116,108.24247717984385,116.91910652281746,105.2993358701044,100.58245426533384,408.84625315669246,0.26891717314720154,0.5067320466041565,0.22435083985328674
OWM9sW2DYdM,burning a fat one with my wife's parents,2020-09-19 17:22:11+00:00,Uploads,UUtinbF-Q-fVthA0qrFQTgXQ,https://www.youtube.com/watch?v=OWM9sW2DYdM,CaseyNeistat,1395602,78211,4246,PT5M24S,4.2945805,0.043160804,16.699461,19.229576,26.652699,2.121967,30.958555,13.017751479289942,110.14445311215894,117.9720561359714,107.03691258577828,105.60143681171924,417.9122149025233,0.40000760555267334,0.2515796720981598,0.34841272234916687
nvEs23YNXVI,she's ready to leave,2020-09-18 17:12:42+00:00,Uploads,UUtinbF-Q-fVthA0qrFQTgXQ,https://www.youtube.com/watch?v=nvEs23YNXVI,CaseyNeistat,1915846,81772,5656,PT5M7S,6.721904,0.84496605,15.471802,20.878956,23.082876,0.26322597,32.73627,15.312500000000002,97.73626718478732,99.58257558865016,96.92843216959636,97.02383429633248,248.78986159128968,0.590192437171936,0.12181662768125534,0.2879909873008728
knAzdJgj8Mw,i started a fight i'll never win,2020-09-17 16:19:14+00:00,Uploads,UUtinbF-Q-fVthA0qrFQTgXQ,https://www.youtube.com/watch?v=knAzdJgj8Mw,CaseyNeistat,1411301,79808,4941,PT5M40S,12.175299,0.8303639,8.932599,10.365233,14.64472,1.608924,51.442863,15.492957746478872,104.04988945129108,112.41983195178013,101.6169028266823,94.58732330790298,461.1689418450806,0.2866477370262146,0.08125023543834686,0.6321020722389221
nk0aCRuU2qw,1 serious question about the GoPro Hero9,2020-09-16 14:00:19+00:00,Uploads,UUtinbF-Q-fVthA0qrFQTgXQ,https://www.youtube.com/watch?v=nk0aCRuU2qw,CaseyNeistat,2817125,115940,6061,PT6M57S,9.669402,1.1181237,24.70763,19.80364,14.7678385,5.9233394,24.010029,20.506912442396317,105.13363053235408,111.5859526109671,103.41852822580644,97.0181652625768,514.6290150350212,0.44821444153785706,0.06293267756700516,0.4888527989387512
dujs-an7ppQ,the truth about why i quit.,2020-09-15 13:37:10+00:00,Uploads,UUtinbF-Q-fVthA0qrFQTgXQ,https://www.youtube.com/watch?v=dujs-an7ppQ,CaseyNeistat,2332100,106390,6168,PT5M36S,17.842173,5.2120733,24.97955,14.115293,12.596802,0.76671904,24.48739,41.88034188034188,115.6185334683642,122.00256599448008,113.3379525141461,110.60019569582936,316.17282541555784,0.7497959136962891,0.16173984110355377,0.08846430480480194
qHO-wInp-0k,never do this in a public bathroom,2020-09-13 13:00:08+00:00,Uploads,UUtinbF-Q-fVthA0qrFQTgXQ,https://www.youtube.com/watch?v=qHO-wInp-0k,CaseyNeistat,1380386,93378,6695,PT6M3S,9.572749,0.20173715,16.838776,13.94803,29.770569,3.6909475,25.977194,26.190476190476197,119.39617019859642,130.92074490878525,116.13398280193636,105.89778358777924,321.0857926773548,0.4996888339519501,0.047985177487134933,0.4523259997367859
RFXT14i0wGE,shes still my wife.. but,2020-09-12 13:00:07+00:00,Uploads,UUtinbF-Q-fVthA0qrFQTgXQ,https://www.youtube.com/watch?v=RFXT14i0wGE,CaseyNeistat,1866595,83825,4972,PT7M10S,7.726673,0.34277198,17.891987,28.129944,22.034266,7.1706314,16.703728,21.428571428571427,119.47724811856708,131.1285078841921,115.03152543325272,111.75728077721976,272.8884731556349,0.20489601790905,0.5463273525238037,0.2487766295671463
1PBmPN0tqys,showing you what happened to me,2020-09-11 13:00:00+00:00,Uploads,UUtinbF-Q-fVthA0qrFQTgXQ,https://www.youtube.com/watch?v=1PBmPN0tqys,CaseyNeistat,2152378,106826,5092,PT6M17S,3.7200224,1.206725,15.51476,30.093699,26.960745,1.5553592,20.94869,33.587786259541986,89.1175594496572,101.28321846506572,85.05003227046225,78.14914732868604,234.56703149609712,0.5121867656707764,0.3297620415687561,0.1580512672662735
8yqpfLLG_vQ,JAMIE FOXX GAVE ME A BLACK EYE,2020-08-14 15:13:54+00:00,Uploads,UUtinbF-Q-fVthA0qrFQTgXQ,https://www.youtube.com/watch?v=8yqpfLLG_vQ,CaseyNeistat,2041506,100464,5270,PT10M49S,15.769802,0.9819043,21.954182,19.338158,18.195835,3.2909973,20.469124,35.50295857988166,97.82866124260356,107.19813992131,94.51063940124712,90.29319615872576,230.743561797254,0.2046104371547699,0.37662363052368164,0.41876596212387085
49Z6Mv4_WCA,i don't know what im doing anymore,2020-08-11 20:24:34+00:00,Uploads,UUtinbF-Q-fVthA0qrFQTgXQ,https://www.youtube.com/watch?v=49Z6Mv4_WCA,CaseyNeistat,3159571,170622,10705,PT10M47S,18.224457,0.2576642,13.323261,16.128838,20.65013,0.27215052,31.143503,36.64688427299704,95.6598006305638,105.25314077697412,91.29026833735163,93.05301447746662,483.436130213589,0.07959820330142975,0.1384192556142807,0.7819824814796448
FKqYNke5sO4,Surfing at an ABANDONED WATER PARK,2020-06-25 19:00:02+00:00,Uploads,UUtinbF-Q-fVthA0qrFQTgXQ,https://www.youtube.com/watch?v=FKqYNke5sO4,CaseyNeistat,1911412,83354,3737,PT10M15S,11.442664,0.052362997,9.144043,12.687629,30.653189,4.848098,31.172014,9.657320872274145,127.52576559254932,123.25716228312132,127.983749175212,136.33765535760642,441.531772105301,0.46839624643325806,0.13045932352542877,0.40114444494247437
ag0MwmwGyG0,What Black Lives Matter Protests are really about,2020-06-04 23:44:03+00:00,Uploads,UUtinbF-Q-fVthA0qrFQTgXQ,https://www.youtube.com/watch?v=ag0MwmwGyG0,CaseyNeistat,2074119,134038,16254,PT8M32S,16.715443,0.25929967,24.91897,1.055267,34.775642,0.9610764,21.314302,80.52434456928839,84.17191852469568,88.88377462741886,82.01307528187422,83.01184610545413,177.2001548391276,0.5145573616027832,0.27163439989089966,0.21380819380283356
sUm3mvZii6Y,FIFTY THOUSAND DOLLARS,2020-05-15 17:27:17+00:00,Uploads,UUtinbF-Q-fVthA0qrFQTgXQ,https://www.youtube.com/watch?v=sUm3mvZii6Y,CaseyNeistat,1513979,80196,4601,PT9M17S,10.965046,0.42540708,16.787714,16.57709,27.95818,1.7933416,25.49322,31.66953528399312,109.9705997576616,110.99657454221648,109.25425415202476,110.93227908658444,486.7104420822841,0.39866891503334045,0.16778188943862915,0.4335491955280304
rj25YHshXo8,My Best Friend Got The Coronavirus,2020-03-21 23:55:58+00:00,Uploads,UUtinbF-Q-fVthA0qrFQTgXQ,https://www.youtube.com/watch?v=rj25YHshXo8,CaseyNeistat,2621860,92977,8591,PT14M57S,11.650989,0.87589186,27.704514,9.126808,22.697395,4.909669,23.034735,55.080213903743314,115.06073275029708,120.59704634116903,112.60932007575757,113.20247086211378,415.1568411921649,0.4003394842147827,0.3838183879852295,0.215842142701149
DvwMVIJbOJk,WE WENT TO MEXICO TO SURPRISE MY SISTER!,2020-03-11 16:35:41+00:00,Uploads,UUtinbF-Q-fVthA0qrFQTgXQ,https://www.youtube.com/watch?v=DvwMVIJbOJk,CaseyNeistat,1492716,56584,2399,PT9M1S,11.124573,0.4802006,11.493566,23.68852,23.646896,1.7816478,27.784595,25.177304964539005,92.95408204664106,101.69992981678486,89.83082643814026,86.08670967697252,405.8503940490589,0.061994519084692,0.3634566068649292,0.5745488405227661
Zu073TPW3E8,World’s First Tesla Cyberbike,2020-02-03 16:56:35+00:00,Uploads,UUtinbF-Q-fVthA0qrFQTgXQ,https://www.youtube.com/watch?v=Zu073TPW3E8,CaseyNeistat,3349263,117002,3540,PT5M35S,9.689135,0.6442563,26.364044,12.355078,25.625713,2.874189,22.447584,20.05730659025788,110.15060775081584,114.15358421133794,108.70724259292425,107.05389926078476,695.0996339238665,0.6063446402549744,0.21166424453258514,0.18199115991592407
mvMJl_0oQ_8,"FASTEST CAR, YOUNGEST DRIVER - driving a $200,000 sports car with Lando Norris",2020-01-10 22:08:09+00:00,Uploads,UUtinbF-Q-fVthA0qrFQTgXQ,https://www.youtube.com/watch?v=mvMJl_0oQ_8,CaseyNeistat,3727543,123055,3594,PT9M31S,14.025346,0.8236104,13.910815,17.574099,15.748009,1.3614874,36.556637,34.6218487394958,103.3894433356676,107.82556147875816,101.70973174894958,100.35929539419934,399.4126243121897,0.46404212713241577,0.02783059887588024,0.5081272721290588
1wBsKxwzPyo,WHAT JUST HAPPENED?,2020-01-02 13:00:00+00:00,Uploads,UUtinbF-Q-fVthA0qrFQTgXQ,https://www.youtube.com/watch?v=1wBsKxwzPyo,CaseyNeistat,3021798,176361,8362,PT10M5S,16.85762,0.25080416,15.682094,18.39932,16.16781,2.4537385,30.188614,32.17115689381934,97.69147480712934,102.59909817144305,95.64478544170407,95.4897138511952,412.3895829768658,0.15002407133579254,0.34304624795913696,0.5069296956062317
MF_zO_gjbls,100% FREE APARTMENT IN NEW YORK CITY,2019-12-26 17:27:25+00:00,Uploads,UUtinbF-Q-fVthA0qrFQTgXQ,https://www.youtube.com/watch?v=MF_zO_gjbls,CaseyNeistat,3369108,108283,4861,PT8M26S,7.730317,0.3051913,16.303274,20.997856,19.171532,2.2159152,33.275913,44.78178368121442,103.9080648949768,115.50952942988351,98.08238081943126,103.42288467050126,643.4065363235421,0.582656741142273,0.18663887679576874,0.2307044118642807
FtlF-6TnMuo,THIS IS THE MOST EXPENSIVE PLANE TICKET IN THE WORLD | Etihad A380 The Residence,2019-12-16 18:57:27+00:00,Uploads,UUtinbF-Q-fVthA0qrFQTgXQ,https://www.youtube.com/watch?v=FtlF-6TnMuo,CaseyNeistat,43564258,845585,30173,PT7M46S,16.916431,0.6838073,17.062296,8.461261,17.731096,2.41425,36.730858,40.53497942386832,103.4341476623228,113.0529348851166,99.67238598286752,97.53276477480568,284.76512900155484,0.5398073792457581,0.0500587560236454,0.41013383865356445
2-czoC-Rv7I,i MESSED UP majorly in Abu Dhabi,2019-12-09 13:20:37+00:00,Uploads,UUtinbF-Q-fVthA0qrFQTgXQ,https://www.youtube.com/watch?v=2-czoC-Rv7I,CaseyNeistat,1808862,54836,2856,PT10M29S,11.514558,0.4951998,24.088856,15.69674,19.635128,0.62555015,27.943968,18.473282442748094,95.7667614437553,101.05928498727737,93.96797175837574,91.09815057782018,464.603152304896,0.1701885610818863,0.04263736680150032,0.7871740460395813
naWydIuWMiY,up all night long,2019-12-06 22:43:44+00:00,Uploads,UUtinbF-Q-fVthA0qrFQTgXQ,https://www.youtube.com/watch?v=naWydIuWMiY,CaseyNeistat,1535892,60333,3661,PT9M27S,18.334162,0.33076945,16.682116,15.475996,16.707382,2.4036767,30.065899,29.441624365482237,90.67004987280268,95.45599727245488,89.12297716617316,86.08700630992668,492.7536993743084,0.13782799243927002,0.4152738153934479,0.4468982219696045
aLij6qUs-PM,Model X is all messed up,2019-12-05 14:00:00+00:00,Uploads,UUtinbF-Q-fVthA0qrFQTgXQ,https://www.youtube.com/watch?v=aLij6qUs-PM,CaseyNeistat,1508375,50939,2205,PT5M52S,12.090742,0.78695226,11.5783825,6.775702,31.654848,1.4741895,35.639187,34.05994550408719,83.34178129967076,87.18114934576522,81.44060348783303,83.0923390667575,374.0789025161153,0.05555138736963272,0.04638635367155075,0.8980622291564941
5ay5M82IcUI,a horrible situation,2019-11-09 22:29:04+00:00,Uploads,UUtinbF-Q-fVthA0qrFQTgXQ,https://www.youtube.com/watch?v=5ay5M82IcUI,CaseyNeistat,2228306,85552,4102,PT8M,11.15092,2.1586516,11.6975155,25.998507,20.007536,0.5593551,28.427517,20.6,88.27108701388889,92.36498755208332,86.57250815972222,86.27167135416667,333.7748235366483,0.6023200154304504,0.02339165285229683,0.37428832054138184
s41j8ZSShnc,Divorce Beach.,2019-11-04 13:00:11+00:00,Uploads,UUtinbF-Q-fVthA0qrFQTgXQ,https://www.youtube.com/watch?v=s41j8ZSShnc,CaseyNeistat,4294845,114279,6777,PT10M35S,7.2582207,0.16942455,19.429249,18.01319,21.326399,1.788897,32.01462,18.731117824773413,99.96824772102634,99.92891156061178,99.47181608499076,102.63611006865769,462.1577991936345,0.5623838901519775,0.3037082552909851,0.13390783965587616
N9NH0Jqh7Is,$400 Mavic Mini Drone; GARBAGE or great??,2019-11-02 15:09:44+00:00,Uploads,UUtinbF-Q-fVthA0qrFQTgXQ,https://www.youtube.com/watch?v=N9NH0Jqh7Is,CaseyNeistat,4657320,97180,6724,PT8M56S,21.670588,0.3857633,17.147346,8.110282,18.906496,2.1705005,31.609026,27.77777777777778,100.15878856469035,98.2885867417737,101.53914806103144,98.00204848665872,1219.8432848224695,0.31367120146751404,0.08321376889944077,0.6031150221824646
uBNFgU4sfP4,i'm going back to NYC.,2019-10-31 22:03:50+00:00,Uploads,UUtinbF-Q-fVthA0qrFQTgXQ,https://www.youtube.com/watch?v=uBNFgU4sfP4,CaseyNeistat,2675134,95080,5586,PT10M15S,22.575928,0.26213318,12.19017,9.738051,16.843908,2.0375998,36.35221,41.34165366614664,88.79868975071503,101.09553199888413,84.26235941833507,79.85070169629702,637.887390072936,0.3446803092956543,0.27903544902801514,0.3762842118740082
3FLogS1CquI,MY LiFE iN LA,2019-10-08 14:30:06+00:00,Uploads,UUtinbF-Q-fVthA0qrFQTgXQ,https://www.youtube.com/watch?v=3FLogS1CquI,CaseyNeistat,3570609,206006,13656,PT9M23S,23.165987,0.84589547,16.615818,10.550383,13.700222,1.9483107,33.17339,48.797250859106526,98.76049288999856,102.37341337491648,97.36738504229906,96.44215831125906,339.95774320941973,0.31676405668258667,0.28188642859458923,0.40134957432746887
dSmsQraeCVM,My New New Studio,2019-08-14 16:41:02+00:00,Uploads,UUtinbF-Q-fVthA0qrFQTgXQ,https://www.youtube.com/watch?v=dSmsQraeCVM,CaseyNeistat,3178045,99887,5037,PT11M7S,23.922865,0.77252877,15.071807,14.649026,17.666988,2.3057,25.611086,45.75539568345324,108.2553134242606,121.51461151703636,102.31371092501,104.1081653427258,746.0728326766493,0.4140841066837311,0.28854048252105713,0.2973754107952118
cWPbGSZpSdE,Faster than a Tesla.. Formula E Racing,2019-08-01 21:34:57+00:00,Uploads,UUtinbF-Q-fVthA0qrFQTgXQ,https://www.youtube.com/watch?v=cWPbGSZpSdE,CaseyNeistat,1566179,57797,2902,PT7M16S,11.619472,0.18041085,27.175406,14.821159,22.577349,5.7034817,17.922724,23.736263736263734,111.91198828601954,112.19073622557998,110.46849374236874,118.63569193566848,692.7499947482397,0.2683475613594055,0.014440328814089298,0.7172122001647949
9Ti4wBKB4Yo,this is the end.,2019-07-18 20:45:03+00:00,Uploads,UUtinbF-Q-fVthA0qrFQTgXQ,https://www.youtube.com/watch?v=9Ti4wBKB4Yo,CaseyNeistat,5507969,239580,18337,PT13M16S,18.011517,0.23965012,7.5918455,6.378848,7.0673966,1.0038519,59.70689,55.352798053527984,94.03276480974588,103.51261556649602,90.57702870497091,86.9633276571793,500.71160908332087,0.7369741201400757,0.10887855291366577,0.15414734184741974
fxa0lifjXdk,"Top of the Line Tesla 3 + $20,000.00",2019-05-30 16:45:21+00:00,Uploads,UUtinbF-Q-fVthA0qrFQTgXQ,https://www.youtube.com/watch?v=fxa0lifjXdk,CaseyNeistat,2708240,78833,5232,PT5M3S,7.698068,0.0026182146,20.648201,13.62145,31.47937,1.3277436,25.222551,11.708860759493673,130.11631797479342,133.7867993885153,127.6568192631417,133.1696155283052,754.3526940048871,0.22264528274536133,0.34466665983200073,0.4326880872249603
wFnzFZvD3tM,Dipping an APPLE WATCH in PURE GOLD!!,2019-05-22 14:09:54+00:00,Uploads,UUtinbF-Q-fVthA0qrFQTgXQ,https://www.youtube.com/watch?v=wFnzFZvD3tM,CaseyNeistat,5840381,160398,5853,PT4M59S,7.6694098,0.04762828,16.522985,14.725519,18.652205,4.6871824,37.695072,45.51282051282051,101.69147342692752,118.50399530916133,95.964500909789,87.05084903901799,694.005455320283,0.13941332697868347,0.23881137371063232,0.6217753291130066
aekZX4Banmk,Building a $58 Million NYC Apartment,2019-05-20 20:32:32+00:00,Uploads,UUtinbF-Q-fVthA0qrFQTgXQ,https://www.youtube.com/watch?v=aekZX4Banmk,CaseyNeistat,3782571,101318,5070,PT7M19S,10.07693,0.69196624,23.814943,13.483592,24.014668,2.8675644,25.050337,30.196936542669583,81.82759934202528,88.28960199557805,79.61662282701192,76.29972601165512,602.6227983181653,0.35247883200645447,0.24060176312923431,0.40691936016082764
XxJlI6FOZ4A,come to 368.,2019-05-17 12:33:31+00:00,Uploads,UUtinbF-Q-fVthA0qrFQTgXQ,https://www.youtube.com/watch?v=XxJlI6FOZ4A,CaseyNeistat,2126075,63890,2322,PT4M21S,14.454152,0.84269017,11.471437,15.569928,17.0273,1.0870434,39.547447,56.98529411764706,113.32761600668913,129.50637238945058,107.78289217281964,99.41233634599674,1091.5824216313704,0.30886033177375793,0.3258763551712036,0.36526334285736084
h0nO27dUlHU,i'M Leaving NYC forever..,2019-05-10 18:24:16+00:00,Uploads,UUtinbF-Q-fVthA0qrFQTgXQ,https://www.youtube.com/watch?v=h0nO27dUlHU,CaseyNeistat,4212233,149755,11560,PT8M45S,25.821548,0.10424716,11.245983,6.518087,10.880616,0.52493113,44.904587,76.41681901279708,102.49689878821349,118.57552843477046,96.08368445942514,93.45679096365276,746.9288786988739,0.3002917170524597,0.2451692819595337,0.454539030790329
CEV9anFQR2o,Remembering John Singleton,2019-04-30 12:29:34+00:00,Uploads,UUtinbF-Q-fVthA0qrFQTgXQ,https://www.youtube.com/watch?v=CEV9anFQR2o,CaseyNeistat,924828,41728,1231,PT6M22S,13.716841,0.07691766,15.61604,19.23108,11.551104,0.4414463,39.366573,54.13533834586466,93.96878748520608,109.57492537768032,87.72837100346351,85.15342623050682,533.4331874304601,0.24709419906139374,0.6363723874092102,0.11653334647417068
wX9OLMNShPQ,NOT GETTING ANY.. a discussion,2019-04-23 19:24:27+00:00,Uploads,UUtinbF-Q-fVthA0qrFQTgXQ,https://www.youtube.com/watch?v=wX9OLMNShPQ,CaseyNeistat,3680544,87944,6211,PT9M52S,26.292673,0.2868426,8.970633,8.798479,11.422102,0.17969309,44.049576,77.79578606158833,119.40439522414684,133.7385333800423,113.32881276871736,113.03480254901628,1298.3720657856654,0.33909785747528076,0.03986645117402077,0.6210356950759888
86Lr_tChDAU,THE FIRST Galaxy Fold,2019-04-16 03:36:10+00:00,Uploads,UUtinbF-Q-fVthA0qrFQTgXQ,https://www.youtube.com/watch?v=86Lr_tChDAU,CaseyNeistat,6182426,155619,11570,PT7M4S,31.040054,0.034456417,6.984385,7.7268167,14.285705,1.578231,38.350353,52.48868778280544,128.1815608012035,133.31836701467446,126.17561531784187,125.01516973235609,639.5570141815881,0.4205871820449829,0.2994336783885956,0.2799791097640991
EbR3muQJ66I,"MANIPULATED, TRICKED, BRAINWASHED.. moving past a social media addiction",2019-04-01 16:44:23+00:00,Uploads,UUtinbF-Q-fVthA0qrFQTgXQ,https://www.youtube.com/watch?v=EbR3muQJ66I,CaseyNeistat,1985374,69535,5510,PT14M8S,23.529934,1.6605399,16.116922,9.424459,16.356293,1.0906628,31.821188,63.80090497737556,117.18507516929049,137.82404462826798,109.7282356427146,101.3724428350066,982.4681471773848,0.029625581577420235,0.008991764858365059,0.9613826274871826
UE6UkF9sABU,"$2 MILLION in 12 months, the price of Mr. Beast's success",2019-03-27 17:31:36+00:00,Uploads,UUtinbF-Q-fVthA0qrFQTgXQ,https://www.youtube.com/watch?v=UE6UkF9sABU,CaseyNeistat,9661930,312534,12552,PT24M20S,12.929137,0.05078432,13.840887,18.134087,13.537506,0.4668989,41.040703,77.98948751642575,96.2527129103017,113.42848881052434,90.06051397215835,83.08835303568495,940.432981827172,0.5544236898422241,0.1704995483160019,0.2750767469406128
6DfP10OeDP0,Goodbye Social Media.,2019-03-13 16:14:26+00:00,Uploads,UUtinbF-Q-fVthA0qrFQTgXQ,https://www.youtube.com/watch?v=6DfP10OeDP0,CaseyNeistat,2672325,86139,7893,PT9M8S,16.830135,0.02995274,14.474994,11.781324,9.363543,5.030662,42.489388,56.042031523642734,116.40079965247372,130.0014179482268,111.00406868736624,108.51092981519992,741.047074123536,0.5806804895401001,0.14604437351226807,0.27327507734298706
-B4wmuJ-qSs,im a lifeguard now.,2019-03-04 13:28:58+00:00,Uploads,UUtinbF-Q-fVthA0qrFQTgXQ,https://www.youtube.com/watch?v=-B4wmuJ-qSs,CaseyNeistat,2063891,66180,4568,PT11M17S,12.941622,0.013629839,20.294468,19.036444,15.281963,6.2941647,26.13771,45.46742209631728,110.97787537869846,122.58050824898686,106.28689659687797,104.66258280954912,809.6494598954451,0.5476590991020203,0.169740229845047,0.28260064125061035
ROfBLx6bLZI,Being RICH vs Being POOR - a video essay,2019-02-26 21:34:09+00:00,Uploads,UUtinbF-Q-fVthA0qrFQTgXQ,https://www.youtube.com/watch?v=ROfBLx6bLZI,CaseyNeistat,3528687,127733,7285,PT10M13S,6.7956824,0.10228052,13.001392,22.964685,21.129776,6.643028,29.363155,39.28012519561816,116.4281846499522,135.66177888220528,108.20895647224395,108.18758815043036,1174.3175736400788,0.3277248442173004,0.42115843296051025,0.25111669301986694
60iQSbNkISo,IT FINALLY HAPPENED!!,2019-02-07 13:00:00+00:00,Uploads,UUtinbF-Q-fVthA0qrFQTgXQ,https://www.youtube.com/watch?v=60iQSbNkISo,CaseyNeistat,1501732,62039,5749,PT12M54S,10.197739,0.21294281,12.750832,31.716394,15.651526,2.5118473,26.958717,51.79677819083024,99.5711455160144,107.06526135786692,95.95257478508364,98.52292099618788,486.673712652149,0.1918834000825882,0.5910928845405579,0.21702376008033752
7yCtB1JYXs0,ONE LAST ATTEMPT..,2019-02-05 20:29:26+00:00,Uploads,UUtinbF-Q-fVthA0qrFQTgXQ,https://www.youtube.com/watch?v=7yCtB1JYXs0,CaseyNeistat,1442056,46289,2802,PT10M10S,14.634742,0.2624289,18.759123,18.480686,21.265892,3.452022,23.145107,26.257861635220124,96.50342073260612,106.10881156916057,92.40511874344864,92.39310619895396,311.929006826983,0.25716015696525574,0.37918147444725037,0.3636583983898163
95kffMA2dNA,BURGER KiNG Fights back (this is not an ad),2019-02-02 15:23:26+00:00,Uploads,UUtinbF-Q-fVthA0qrFQTgXQ,https://www.youtube.com/watch?v=95kffMA2dNA,CaseyNeistat,3103754,122275,6239,PT5M40S,8.198224,0.14371209,26.868275,33.034435,16.466906,0.6290774,14.659371,35.774647887323944,114.6197716402582,127.74789873092725,109.877126907277,104.63480709604852,1149.051443231438,0.48426106572151184,0.06497415155172348,0.45076480507850647
SEuQAUbgJII,Bros Tho.,2019-02-01 16:48:14+00:00,Uploads,UUtinbF-Q-fVthA0qrFQTgXQ,https://www.youtube.com/watch?v=SEuQAUbgJII,CaseyNeistat,1017709,35413,2283,PT8M13S,7.5964255,0.016313102,18.471642,9.405453,16.378574,3.2044528,44.92714,30.93385214007782,105.33220693836468,110.13580957157912,102.56758606247298,106.987648168977,590.7466129044458,0.4918343722820282,0.2459285706281662,0.2622370719909668
yto4a3tdqYc,EXPLOITED BY BURGER KING.,2019-01-29 13:48:10+00:00,Uploads,UUtinbF-Q-fVthA0qrFQTgXQ,https://www.youtube.com/watch?v=yto4a3tdqYc,CaseyNeistat,3151359,145288,10197,PT7M18S,10.003723,0.05533358,11.210722,35.7501,14.397933,1.579847,27.002344,33.91684901531728,102.9449790773918,118.55690589480002,97.2517474414205,91.32303893523584,833.2469264394007,0.22303396463394165,0.024741895496845245,0.7522242665290833
bNRIVJFFpbY,The Lillian Vernon Story,2019-01-28 20:34:14+00:00,Uploads,UUtinbF-Q-fVthA0qrFQTgXQ,https://www.youtube.com/watch?v=bNRIVJFFpbY,CaseyNeistat,724453,31392,1957,PT25M58S,12.387529,0.81264305,11.928549,21.655348,23.840754,1.6408291,27.73435,47.10591133004926,76.04265001485957,87.92254265445402,73.00977500577278,60.482975484913794,344.77809619380787,0.3536735773086548,0.4779321551322937,0.16839420795440674
dj_87DmX4BA,he said my name HOLY SH*T HE SAID MY NAME!,2019-01-23 18:04:20+00:00,Uploads,UUtinbF-Q-fVthA0qrFQTgXQ,https://www.youtube.com/watch?v=dj_87DmX4BA,CaseyNeistat,2211892,86777,4102,PT8M4S,10.821889,0.11489401,20.362066,19.669682,28.751616,1.703619,18.576235,47.12871287128713,93.57220588386964,105.9878715363724,88.26433669382564,88.3184891879813,572.5564876444763,0.011445515789091587,0.45440730452537537,0.5341471433639526
1YzwjfwNeEg,Burnt OUT YouTubers,2019-01-22 17:08:31+00:00,Uploads,UUtinbF-Q-fVthA0qrFQTgXQ,https://www.youtube.com/watch?v=1YzwjfwNeEg,CaseyNeistat,2271377,85676,7310,PT11M41S,10.2151785,0.012181874,6.7318716,26.08382,6.5310373,2.2724338,48.153477,47.53424657534247,123.55589856830288,137.05262347792998,118.93202617246956,111.9452392206526,1372.2955334224878,0.3114289939403534,0.0181565098464489,0.6704145073890686
uWzJHADNDx0,I'M GIVING MY STUDIO TO SAM.,2019-01-17 17:41:50+00:00,Uploads,UUtinbF-Q-fVthA0qrFQTgXQ,https://www.youtube.com/watch?v=uWzJHADNDx0,CaseyNeistat,1652321,59462,4727,PT9M37S,6.982196,0.038051963,15.907557,13.988996,25.461958,1.7864882,35.83475,38.20598006644519,103.2299502165813,115.92104696584305,98.18936988827753,95.92447817171929,469.3884754947242,0.547985315322876,0.22847001254558563,0.2235446721315384
y92SwP4odAk,Surfing with GREAT WHITE SHARKS at DUNGEONS SOUTH AFRICA,2019-01-16 18:57:38+00:00,Uploads,UUtinbF-Q-fVthA0qrFQTgXQ,https://www.youtube.com/watch?v=y92SwP4odAk,CaseyNeistat,1382346,48316,2350,PT11M37S,9.567563,0.11086805,13.976245,33.11058,19.242298,2.4034827,21.588964,18.982118294360383,110.34346068794896,107.19689519094834,110.49221563120892,117.88794379489532,412.5264504497725,0.2993508279323578,0.3123558759689331,0.3882932960987091
1gTBZyGJyQc,oops.. Testing TESLA's PERFORMANCE MODEL 3,2019-01-15 18:15:38+00:00,Uploads,UUtinbF-Q-fVthA0qrFQTgXQ,https://www.youtube.com/watch?v=1gTBZyGJyQc,CaseyNeistat,2063306,67826,5281,PT11M43S,10.031994,1.468164,8.203396,26.747305,14.414007,2.5222821,36.612854,34.924965893587995,121.29958053258107,124.9168323433,120.08910230265651,118.0561685768626,759.9664920631875,0.3214266002178192,0.08444949984550476,0.594123899936676
